kunta;lat;lng;virastoja;virkamiehiä;teksti
Akaa;61.16666667;23.86805556;5;95;Käräjäoikeudet, 1<br/>Oikeusapu- ja edunvalvontapiirit, 3<br/>Rikosseuraamuslaitos, 79<br/>Työ- ja elinkeinotoimistot, 7<br/>Vankiterveydenhuollon yksikkö, 3
Alajärvi;63;23.81666667;4;31;Maanmittauslaitos, 11<br/>Paikallispoliisi, 4<br/>Työ- ja elinkeinotoimistot, 10<br/>Verohallinto, 6
Alavus;62.58611111;23.61944444;4;44;Oikeusapu- ja edunvalvontapiirit, 9<br/>Paikallispoliisi, 22<br/>Työ- ja elinkeinotoimistot, 1<br/>Verohallinto, 10
Aura;60.64722222;22.59027778;1;32;Rikosseuraamuslaitos, 31
Enonkoski;62.08888889;28.93333333;1;11;Luonnonvarakeskus, 11
Enontekiö;68.38472222;23.63888889;4;23;Ammatilliset koulut, 2<br/>Paikallispoliisi, 2<br/>Tulli, 16<br/>Työ- ja elinkeinotoimistot, 2
Espoo;60.20555556;24.65555556;12;1041;Etelä-Savon elinkeino-, liikenne- ja ympäristökeskus, 1<br/>Geologian tutkimuskeskus, 200<br/>Käräjäoikeudet, 88<br/>Maistraatit, 53<br/>Oikeusapu- ja edunvalvontapiirit, 29<br/>Paikallispoliisi, 394<br/>Puolustusvoimat, 34<br/>Syyttäjänvirastot, 33<br/>Tulli, 66<br/>Työ- ja elinkeinotoimistot, 101<br/>Ulosottovirastot, 41<br/>Valtion tieto- ja viestintätekniikkakeskus Valtori, 10
Eurajoki;61.20138889;21.73055556;2;8;Elintarviketurvallisuusvirasto, 4<br/>Säteilyturvakeskus, 4
Forssa;60.81388889;23.62222222;6;91;Elintarviketurvallisuusvirasto, 15<br/>Käräjäoikeudet, 3<br/>Oikeusapu- ja edunvalvontapiirit, 8<br/>Paikallispoliisi, 33<br/>Työ- ja elinkeinotoimistot, 20<br/>Ulosottovirastot, 7
Haapajärvi;63.74861111;25.31805556;7;164;Oikeusapu- ja edunvalvontapiirit, 11<br/>Paikallispoliisi, 29<br/>Puolustushallinnon rakennuslaitos, 14<br/>Puolustusvoimat, 87<br/>Työ- ja elinkeinotoimistot, 8<br/>Ulosottovirastot, 5<br/>Verohallinto, 11
Haapavesi;64.1375;25.36666667;1;12;Paikallispoliisi, 12
Hamina;60.56972222;27.19805556;5;386;Paikallispoliisi, 6<br/>Puolustushallinnon rakennuslaitos, 88<br/>Puolustusvoimat, 242<br/>Tulli, 34<br/>Työ- ja elinkeinotoimistot, 13
Hanko;59.82361111;22.96805556;3;43;Paikallispoliisi, 1<br/>Rajavartiolaitos, 9<br/>Tulli, 32
Harjavalta;61.31388889;22.14166667;1;20;Työ- ja elinkeinotoimistot, 20
Hartola;61.57916667;26.02083333;1;26;Puolustusvoimat, 26
Hattula;61.05555556;24.37083333;1;521;Puolustusvoimat, 518
Heinola;61.20277778;26.03194444;2;32;Paikallispoliisi, 20<br/>Työ- ja elinkeinotoimistot, 13
Heinävesi;62.42638889;28.63055556;1;1;Etelä-Savon elinkeino-, liikenne- ja ympäristökeskus, 1
Helsinki;60.17083333;24.9375;106;23569;ELY-keskusten ja TE-toimistojen kehittämis- ja hallintokeskus, 77<br/>Eduskunnan kanslia, 553<br/>Eduskunnan oikeusasiamiehen kanslia, 59<br/>Elintarviketurvallisuusvirasto, 434<br/>Energiavirasto, 70<br/>Etelä-Pohjanmaan elinkeino-, liikenne- ja ympäristökeskus, 1<br/>Etelä-Savon elinkeino-, liikenne- ja ympäristökeskus, 2<br/>Etelä-Suomen aluehallintovirasto, 230<br/>Hallinto-oikeudet, 221<br/>Hovioikeudet, 152<br/>Hämeen elinkeino-, liikenne- ja ympäristökeskus, 12<br/>Ilmatieteen laitos, 587<br/>Innovaatiorahoituskeskus Tekes, 253<br/>Kaakkois-Suomen elinkeino-, liikenne- ja ympäristökeskus , 21<br/>Kansainvälisen liikkuvuuden ja yhteistyön keskus CIMO, 103<br/>Kansallinen audiovisuaalinen instituutti, 87<br/>Kansallinen koulutuksen arviointikeskus, 37<br/>Kansallisarkisto, 136<br/>Kilpailu- ja kuluttajavirasto, 128<br/>Konkurssiasiamiehen toimisto, 10<br/>Korkein hallinto-oikeus, 126<br/>Korkein oikeus, 74<br/>Kotimaisten kielten keskus, 84<br/>Kriminaalipolitiikan instituutti, 8<br/>Kuluttajariitalautakunta, 32<br/>Käräjäoikeudet, 354<br/>Lapsiasiavaltuutetun toimisto, 1<br/>Liikenne- ja viestintäministeriö, 146<br/>Liikennevirasto, 419<br/>Liikenteen turvallisuusvirasto, 413<br/>Luonnonvarakeskus, 188<br/>Länsi- ja Sisä-Suomen aluehallintovirasto, 4<br/>Lääkealan turvallisuus- ja kehittämiskeskus , 168<br/>Maa- ja metsätalousministeriö, 261<br/>Maahanmuuttovirasto, 483<br/>Maakunta-arkistot, 1<br/>Maanmittauslaitos, 374<br/>Maaseutuvirasto, 8<br/>Maistraatit, 90<br/>Markkinaoikeus, 38<br/>Museovirasto, 189<br/>Näkövammaisten kirjasto, 47<br/>Oikeusapu- ja edunvalvontapiirit, 84<br/>Oikeuskanslerinvirasto, 31<br/>Oikeusministeriö, 241<br/>Onnettomuustutkintakeskus, 16<br/>Opetus- ja kulttuuriministeriö, 248<br/>Opetushallitus, 241<br/>Opintotuen muutoksenhakulautakunta, 9<br/>Paikallispoliisi, 1640<br/>Pakolaist ja turvapaik hak vastaano, 1<br/>Patentti- ja rekisterihallitus, 402<br/>Pirkanmaan elinkeino-, liikenne- ja ympäristökeskus, 17<br/>Pohjois-Karjalan elinkeino-, liikenne- ja ympäristökeskus, 1<br/>Pohjois-Suomen aluehallintovirasto, 1<br/>Poliisihallitus, 165<br/>Puolustushallinnon rakennuslaitos, 75<br/>Puolustusministeriö, 135<br/>Puolustusvoimat, 1765<br/>Rahoitusvakausvirasto, 12<br/>Rajavartiolaitos, 387<br/>Rikosseuraamuslaitos, 359<br/>Sisäministeriö, 192<br/>Sosiaali- ja terveysalan lupa- ja valvontavirasto, 145<br/>Sosiaali- ja terveysministeriö, 352<br/>Sosiaaliturvan muutoksenhakulautakunta, 67<br/>Suojelupoliisi, 247<br/>Suomen Akatemia, 139<br/>Suomen ympäristökeskus, 513<br/>Suomenlinnan hoitokunta, 76<br/>Syyttäjänvirastot, 79<br/>Säteilyturvakeskus, 313<br/>Taiteen edistämiskeskus, 30<br/>Tasa-arvovaltuutetun toimisto, 10<br/>Tasavallan presidentin kanslia, 53<br/>Terveyden ja hyvinvoinnin laitos, 816<br/>Tietosuojavaltuutetun toimisto, 23<br/>Tilastokeskus, 812<br/>Tulli, 828<br/>Turvallisuus- ja kemikaalivirasto, 172<br/>Työ- ja elinkeinoministeriö, 393<br/>Työ- ja elinkeinotoimistot, 403<br/>Työttömyysturvan muutoksenhakulautakunta, 36<br/>Työtuomioistuin, 9<br/>Ulkoasiainministeriö, 849<br/>Ulkoasiainministeriön edustustot, 2<br/>Ulkopoliittinen instituutti, 45<br/>Ulosottovirastot, 149<br/>Uudenmaan elinkeino-, liikenne- ja ympäristökeskus, 223<br/>Vakuutusoikeus, 107<br/>Valtakunnansyyttäjänvirasto, 38<br/>Valtakunnanvoudinvirasto, 14<br/>Valtiokonttori, 307<br/>Valtion taloudellinen tutkimuskesku, 51<br/>Valtion talous- ja henkilöstöhallinnon palvelukeskus, 1<br/>Valtion tieto- ja viestintätekniikkakeskus Valtori, 458<br/>Valtioneuvoston kanslia, 540<br/>Valtiontalouden tarkastusvirasto, 136<br/>Valtiovarainministeriö, 352<br/>Vankiterveydenhuollon yksikkö, 15<br/>Varsinais-Suomen elinkeino-, liikenne- ja ympäristökeskus, 6<br/>Verohallinto, 974<br/>Viestintävirasto, 222<br/>Väestörekisterikeskus, 121<br/>Yhdenvertaisuusvaltuutetun toimisto, 19<br/>Yleissivistävät koulut, 367<br/>Ylioppilastutkintolautakunta, 27<br/>Ympäristöministeriö, 245
Huittinen;61.17638889;22.69861111;6;72;Maanmittauslaitos, 13<br/>Paikallispoliisi, 4<br/>Rikosseuraamuslaitos, 46<br/>Ulosottovirastot, 9<br/>Valtion tieto- ja viestintätekniikkakeskus Valtori, 1<br/>Vankiterveydenhuollon yksikkö, 1
Hyrynsalmi;64.67638889;28.49444444;1;1;Lapin elinkeino-, liikenne- ja ympäristökeskus, 1
Hyvinkää;60.63055556;24.85972222;6;226;Käräjäoikeudet, 43<br/>Maistraatit, 20<br/>Oikeusapu- ja edunvalvontapiirit, 19<br/>Paikallispoliisi, 92<br/>Työ- ja elinkeinotoimistot, 35<br/>Ulosottovirastot, 14
Hämeenkyrö;61.63888889;23.19722222;1;3;Työ- ja elinkeinotoimistot, 3
Hämeenlinna;60.99583333;24.46527778;33;1794;ELY-keskusten ja TE-toimistojen kehittämis- ja hallintokeskus, 8<br/>Etelä-Savon elinkeino-, liikenne- ja ympäristökeskus, 1<br/>Etelä-Suomen aluehallintovirasto, 111<br/>Hallinto-oikeudet, 68<br/>Hämeen elinkeino-, liikenne- ja ympäristökeskus, 59<br/>Hätäkeskuslaitos, 18<br/>Kainuun elinkeino-, liikenne- ja ympäristökeskus, 4<br/>Kansallisarkisto, 1<br/>Käräjäoikeudet, 40<br/>Luonnonvarakeskus, 1<br/>Maakunta-arkistot, 13<br/>Maanmittauslaitos, 71<br/>Maaseutuvirasto, 2<br/>Maistraatit, 20<br/>Museovirasto, 7<br/>Oikeusapu- ja edunvalvontapiirit, 17<br/>Oikeusrekisterikeskus, 135<br/>Paikallispoliisi, 186<br/>Pirkanmaan elinkeino-, liikenne- ja ympäristökeskus, 1<br/>Pohjois-Savon elinkeino-, liikenne- ja ympäristökeskus, 3<br/>Poliisiammattikorkeakoulu, 9<br/>Puolustushallinnon rakennuslaitos, 44<br/>Puolustusvoimat, 39<br/>Rikosseuraamuslaitos, 174<br/>Syyttäjänvirastot, 13<br/>Tulli, 23<br/>Työ- ja elinkeinotoimistot, 46<br/>Ulosottovirastot, 23<br/>Valtion koulukodit, 19<br/>Valtion talous- ja henkilöstöhallinnon palvelukeskus, 303<br/>Valtion tieto- ja viestintätekniikkakeskus Valtori, 86<br/>Vankiterveydenhuollon yksikkö, 49<br/>Varsinais-Suomen elinkeino-, liikenne- ja ympäristökeskus, 1<br/>Verohallinto, 203
Iisalmi;63.56111111;27.18888889;14;203;ELY-keskusten ja TE-toimistojen kehittämis- ja hallintokeskus, 1<br/>Itä-Suomen aluehallintovirasto, 1<br/>Keski-Suomen elinkeino-, liikenne- ja ympäristökeskus, 1<br/>Käräjäoikeudet, 20<br/>Maanmittauslaitos, 16<br/>Maistraatit, 8<br/>Oikeusapu- ja edunvalvontapiirit, 18<br/>Paikallispoliisi, 64<br/>Rikosseuraamuslaitos, 4<br/>Syyttäjänvirastot, 2<br/>Työ- ja elinkeinotoimistot, 29<br/>Ulosottovirastot, 13<br/>Valtion tieto- ja viestintätekniikkakeskus Valtori, 2<br/>Verohallinto, 28
Ikaalinen;61.76944444;23.06805556;7;55;Käräjäoikeudet, 1<br/>Maanmittauslaitos, 14<br/>Maistraatit, 1<br/>Oikeusapu- ja edunvalvontapiirit, 3<br/>Paikallispoliisi, 23<br/>Ulosottovirastot, 5<br/>Verohallinto, 7
Ilmajoki;62.73194444;22.58055556;1;25;Puolustusvoimat, 25
Ilomantsi;62.67222222;30.93055556;5;34;Oikeusapu- ja edunvalvontapiirit, 2<br/>Paikallispoliisi, 3<br/>Rajavartiolaitos, 28<br/>Työ- ja elinkeinotoimistot, 1<br/>Verohallinto, 1
Imatra;61.19305556;28.77638889;11;587;ELY-keskusten ja TE-toimistojen kehittämis- ja hallintokeskus, 1<br/>Etelä-Savon elinkeino-, liikenne- ja ympäristökeskus, 1<br/>Kaakkois-Suomen elinkeino-, liikenne- ja ympäristökeskus , 2<br/>Käräjäoikeudet, 17<br/>Oikeusapu- ja edunvalvontapiirit, 9<br/>Paikallispoliisi, 85<br/>Rajavartiolaitos, 346<br/>Tulli, 74<br/>Työ- ja elinkeinotoimistot, 26<br/>Valtion tieto- ja viestintätekniikkakeskus Valtori, 6<br/>Verohallinto, 14
Inari;68.65972222;27.53888889;15;254;Ammatilliset koulut, 64<br/>Kansallisarkisto, 2<br/>Käräjäoikeudet, 1<br/>Liikennevirasto, 1<br/>Luonnonvarakeskus, 13<br/>Maanmittauslaitos, 6<br/>Oikeusapu- ja edunvalvontapiirit, 5<br/>Paikallispoliisi, 17<br/>Puolustusvoimat, 7<br/>Rajavartiolaitos, 105<br/>Tulli, 18<br/>Työ- ja elinkeinotoimistot, 4<br/>Ulosottovirastot, 3<br/>Valtion tieto- ja viestintätekniikkakeskus Valtori, 2<br/>Verohallinto, 5
Janakkala;60.92222222;24.64722222;1;4;Valtion koulukodit, 5
Joensuu;62.6;29.76388889;36;1319;ELY-keskusten ja TE-toimistojen kehittämis- ja hallintokeskus, 20<br/>Elintarviketurvallisuusvirasto, 1<br/>Etelä-Pohjanmaan elinkeino-, liikenne- ja ympäristökeskus, 1<br/>Etelä-Savon elinkeino-, liikenne- ja ympäristökeskus, 9<br/>Etelä-Suomen aluehallintovirasto, 7<br/>Itä-Suomen aluehallintovirasto, 29<br/>Kansallisarkisto, 1<br/>Keski-Suomen elinkeino-, liikenne- ja ympäristökeskus, 2<br/>Keskusrikospoliisi, 19<br/>Käräjäoikeudet, 47<br/>Luonnonvarakeskus, 84<br/>Maakunta-arkistot, 7<br/>Maanmittauslaitos, 47<br/>Maistraatit, 22<br/>Oikeusapu- ja edunvalvontapiirit, 35<br/>Paikallispoliisi, 178<br/>Pirkanmaan elinkeino-, liikenne- ja ympäristökeskus, 6<br/>Pohjois-Karjalan elinkeino-, liikenne- ja ympäristökeskus, 80<br/>Pohjois-Savon elinkeino-, liikenne- ja ympäristökeskus, 5<br/>Puolustushallinnon rakennuslaitos, 1<br/>Puolustusvoimat, 147<br/>Rajavartiolaitos, 1<br/>Rikosseuraamuslaitos, 71<br/>Suojelupoliisi, 3<br/>Suomen ympäristökeskus, 13<br/>Syyttäjänvirastot, 11<br/>Taiteen edistämiskeskus, 5<br/>Tulli, 9<br/>Työ- ja elinkeinotoimistot, 70<br/>Ulosottovirastot, 32<br/>Uudenmaan elinkeino-, liikenne- ja ympäristökeskus, 1<br/>Valtiokonttori, 1<br/>Valtion talous- ja henkilöstöhallinnon palvelukeskus, 225<br/>Valtion tieto- ja viestintätekniikkakeskus Valtori, 19<br/>Vankiterveydenhuollon yksikkö, 4<br/>Verohallinto, 96
Jokioinen;60.80416667;23.48611111;3;309;Ilmatieteen laitos, 2<br/>Luonnonvarakeskus, 296<br/>Valtion tieto- ja viestintätekniikkakeskus Valtori, 8
Joutsa;61.74166667;26.11527778;2;8;Etelä-Savon elinkeino-, liikenne- ja ympäristökeskus, 1<br/>Paikallispoliisi, 6
Juankoski;63.06388889;28.32777778;2;14;Käräjäoikeudet, 1<br/>Paikallispoliisi, 12
Juuka;63.24166667;29.25277778;1;18;Rikosseuraamuslaitos, 18
Juva;61.89722222;27.85694444;1;7;Paikallispoliisi, 6
Jyväskylä;62.24027778;25.74444444;40;2645;ELY-keskusten ja TE-toimistojen kehittämis- ja hallintokeskus, 31<br/>Elintarviketurvallisuusvirasto, 5<br/>Etelä-Savon elinkeino-, liikenne- ja ympäristökeskus, 1<br/>Etelä-Suomen aluehallintovirasto, 2<br/>Ilmatieteen laitos, 3<br/>Itä-Suomen aluehallintovirasto, 1<br/>Kansallinen koulutuksen arviointikeskus, 7<br/>Kansallisarkisto, 1<br/>Keski-Suomen elinkeino-, liikenne- ja ympäristökeskus, 149<br/>Keskusrikospoliisi, 3<br/>Käräjäoikeudet, 83<br/>Lapsiasiavaltuutetun toimisto, 5<br/>Liikennevirasto, 3<br/>Luonnonvarakeskus, 14<br/>Länsi- ja Sisä-Suomen aluehallintovirasto, 45<br/>Maakunta-arkistot, 10<br/>Maanmittauslaitos, 104<br/>Maaseutuvirasto, 2<br/>Maistraatit, 34<br/>Oikeusapu- ja edunvalvontapiirit, 43<br/>Paikallispoliisi, 274<br/>Pirkanmaan elinkeino-, liikenne- ja ympäristökeskus, 7<br/>Pohjois-Savon elinkeino-, liikenne- ja ympäristökeskus, 5<br/>Pohjois-Suomen aluehallintovirasto, 1<br/>Poliisihallitus, 1<br/>Puolustushallinnon rakennuslaitos, 56<br/>Puolustusvoimat, 1110<br/>Rikosseuraamuslaitos, 13<br/>Suomen ympäristökeskus, 15<br/>Syyttäjänvirastot, 20<br/>Taiteen edistämiskeskus, 5<br/>Terveyden ja hyvinvoinnin laitos, 3<br/>Tulli, 3<br/>Työ- ja elinkeinotoimistot, 119<br/>Ulosottovirastot, 42<br/>Uudenmaan elinkeino-, liikenne- ja ympäristökeskus, 3<br/>Valtion tieto- ja viestintätekniikkakeskus Valtori, 43<br/>Verohallinto, 168<br/>Viestintävirasto, 5<br/>Yleissivistävät koulut, 188
Jämsä;61.86388889;25.19027778;4;50;Oikeusapu- ja edunvalvontapiirit, 5<br/>Paikallispoliisi, 34<br/>Työ- ja elinkeinotoimistot, 5<br/>Ulosottovirastot, 5
Järvenpää;60.47222222;25.08888889;8;351;Käräjäoikeudet, 40<br/>Oikeusapu- ja edunvalvontapiirit, 8<br/>Paikallispoliisi, 136<br/>Syyttäjänvirastot, 19<br/>Työ- ja elinkeinotoimistot, 31<br/>Ulosottovirastot, 24<br/>Valtion tieto- ja viestintätekniikkakeskus Valtori, 2<br/>Verohallinto, 93
Kaarina;60.40694444;22.37222222;3;35;Luonnonvarakeskus, 23<br/>Paikallispoliisi, 1<br/>Työ- ja elinkeinotoimistot, 11
Kajaani;64.225;27.73333333;22;1016;ELY-keskusten ja TE-toimistojen kehittämis- ja hallintokeskus, 12<br/>Kainuun elinkeino-, liikenne- ja ympäristökeskus, 62<br/>Käräjäoikeudet, 29<br/>Lapin elinkeino-, liikenne- ja ympäristökeskus, 6<br/>Maanmittauslaitos, 37<br/>Maistraatit, 13<br/>Oikeusapu- ja edunvalvontapiirit, 20<br/>Paikallispoliisi, 87<br/>Pirkanmaan elinkeino-, liikenne- ja ympäristökeskus, 2<br/>Pohjois-Pohjanmaan elinkeino-, liikenne- ja ympäristökeskus, 9<br/>Pohjois-Suomen aluehallintovirasto, 4<br/>Puolustushallinnon rakennuslaitos, 33<br/>Puolustusvoimat, 500<br/>Rajavartiolaitos, 58<br/>Rikosseuraamuslaitos, 3<br/>Syyttäjänvirastot, 7<br/>Tulli, 1<br/>Työ- ja elinkeinotoimistot, 42<br/>Ulosottovirastot, 15<br/>Uudenmaan elinkeino-, liikenne- ja ympäristökeskus, 2<br/>Valtion tieto- ja viestintätekniikkakeskus Valtori, 44<br/>Verohallinto, 27
Kalajoki;64.25972222;23.94861111;2;16;Paikallispoliisi, 11<br/>Rajavartiolaitos, 4
Kangasala;61.46388889;24.07222222;5;54;Elintarviketurvallisuusvirasto, 2<br/>Käräjäoikeudet, 1<br/>Paikallispoliisi, 38<br/>Työ- ja elinkeinotoimistot, 4<br/>Ulosottovirastot, 9
Kangasniemi;61.99027778;26.64305556;1;1;Puolustushallinnon rakennuslaitos, 1
Kankaanpää;61.80416667;22.39444444;7;357;ELY-keskusten ja TE-toimistojen kehittämis- ja hallintokeskus, 1<br/>Oikeusapu- ja edunvalvontapiirit, 8<br/>Paikallispoliisi, 23<br/>Puolustushallinnon rakennuslaitos, 28<br/>Puolustusvoimat, 286<br/>Työ- ja elinkeinotoimistot, 12<br/>Ulosottovirastot, 4
Kannus;63.9;23.91666667;4;27;Luonnonvarakeskus, 20<br/>Paikallispoliisi, 5<br/>Työ- ja elinkeinotoimistot, 1<br/>Valtion tieto- ja viestintätekniikkakeskus Valtori, 1
Kaskinen;62.38472222;21.22222222;1;2;Rajavartiolaitos, 2
Kauhajoki;62.42361111;22.17638889;5;53;Elintarviketurvallisuusvirasto, 12<br/>Oikeusapu- ja edunvalvontapiirit, 5<br/>Paikallispoliisi, 21<br/>Työ- ja elinkeinotoimistot, 13<br/>Ulosottovirastot, 4
Kauhava;63.10138889;23.06388889;4;13;ELY-keskusten ja TE-toimistojen kehittämis- ja hallintokeskus, 1<br/>Puolustushallinnon rakennuslaitos, 9<br/>Puolustusvoimat, 2<br/>Työ- ja elinkeinotoimistot, 1
Kaustinen;63.54861111;23.69027778;2;14;Paikallispoliisi, 11<br/>Työ- ja elinkeinotoimistot, 3
Kemi;65.73611111;24.56388889;16;253;ELY-keskusten ja TE-toimistojen kehittämis- ja hallintokeskus, 1<br/>Elintarviketurvallisuusvirasto, 2<br/>Käräjäoikeudet, 25<br/>Lapin elinkeino-, liikenne- ja ympäristökeskus, 5<br/>Maistraatit, 8<br/>Oikeusapu- ja edunvalvontapiirit, 14<br/>Paikallispoliisi, 96<br/>Pirkanmaan elinkeino-, liikenne- ja ympäristökeskus, 1<br/>Pohjois-Pohjanmaan elinkeino-, liikenne- ja ympäristökeskus, 2<br/>Pohjois-Suomen aluehallintovirasto, 4<br/>Rajavartiolaitos, 4<br/>Rikosseuraamuslaitos, 3<br/>Syyttäjänvirastot, 7<br/>Työ- ja elinkeinotoimistot, 25<br/>Ulosottovirastot, 18<br/>Verohallinto, 36
Kemijärvi;66.71388889;27.43333333;9;56;ELY-keskusten ja TE-toimistojen kehittämis- ja hallintokeskus, 1<br/>Lapin elinkeino-, liikenne- ja ympäristökeskus, 1<br/>Maanmittauslaitos, 5<br/>Maistraatit, 14<br/>Oikeusapu- ja edunvalvontapiirit, 2<br/>Paikallispoliisi, 18<br/>Työ- ja elinkeinotoimistot, 6<br/>Ulosottovirastot, 4<br/>Verohallinto, 5
Keminmaa;65.80138889;24.54444444;1;4;Luonnonvarakeskus, 3
Kemiönsaari;60.16388889;22.72777778;5;26;Lounais-Suomen aluehallintovirasto, 1<br/>Paikallispoliisi, 5<br/>Puolustusvoimat, 10<br/>Rajavartiolaitos, 9<br/>Verohallinto, 2
Kerava;60.40277778;25.1;5;250;Hätäkeskuslaitos, 123<br/>Rikosseuraamuslaitos, 101<br/>Työ- ja elinkeinotoimistot, 7<br/>Valtion tieto- ja viestintätekniikkakeskus Valtori, 1<br/>Vankiterveydenhuollon yksikkö, 2
Keuruu;62.25972222;24.70694444;3;49;Paikallispoliisi, 25<br/>Puolustushallinnon rakennuslaitos, 5<br/>Puolustusvoimat, 19
Kirkkonummi;60.12361111;24.43888889;8;758;Ammatilliset koulut, 8<br/>Käräjäoikeudet, 2<br/>Maanmittauslaitos, 113<br/>Museovirasto, 1<br/>Paikallispoliisi, 31<br/>Puolustushallinnon rakennuslaitos, 18<br/>Puolustusvoimat, 502<br/>Rajavartiolaitos, 81
Kitee;62.09861111;30.1375;3;21;Oikeusapu- ja edunvalvontapiirit, 5<br/>Paikallispoliisi, 9<br/>Työ- ja elinkeinotoimistot, 7
Kittilä;67.65694444;24.90833333;6;38;Lapin elinkeino-, liikenne- ja ympäristökeskus, 1<br/>Maistraatit, 4<br/>Oikeusapu- ja edunvalvontapiirit, 4<br/>Paikallispoliisi, 20<br/>Työ- ja elinkeinotoimistot, 6<br/>Verohallinto, 4
Kokemäki;61.25555556;22.34861111;2;27;Oikeusapu- ja edunvalvontapiirit, 3<br/>Paikallispoliisi, 24
Kokkola;63.83888889;23.13194444;24;437;ELY-keskusten ja TE-toimistojen kehittämis- ja hallintokeskus, 8<br/>Etelä-Pohjanmaan elinkeino-, liikenne- ja ympäristökeskus, 40<br/>Etelä-Savon elinkeino-, liikenne- ja ympäristökeskus, 1<br/>Geologian tutkimuskeskus, 31<br/>Keski-Suomen elinkeino-, liikenne- ja ympäristökeskus, 1<br/>Käräjäoikeudet, 21<br/>Länsi- ja Sisä-Suomen aluehallintovirasto, 5<br/>Maanmittauslaitos, 34<br/>Maaseutuvirasto, 1<br/>Maistraatit, 12<br/>Oikeusapu- ja edunvalvontapiirit, 12<br/>Paikallispoliisi, 106<br/>Pohjanmaan elinkeino-, liikenne- ja ympäristökeskus, 12<br/>Pohjois-Pohjanmaan elinkeino-, liikenne- ja ympäristökeskus, 2<br/>Puolustusvoimat, 7<br/>Rajavartiolaitos, 9<br/>Rikosseuraamuslaitos, 3<br/>Syyttäjänvirastot, 6<br/>Tulli, 10<br/>Työ- ja elinkeinotoimistot, 28<br/>Ulosottovirastot, 13<br/>Valtion tieto- ja viestintätekniikkakeskus Valtori, 3<br/>Verohallinto, 45<br/>Väestörekisterikeskus, 21
Kolari;67.33055556;23.77777778;5;16;Lapin elinkeino-, liikenne- ja ympäristökeskus, 1<br/>Luonnonvarakeskus, 7<br/>Paikallispoliisi, 4<br/>Työ- ja elinkeinotoimistot, 3<br/>Valtion tieto- ja viestintätekniikkakeskus Valtori, 1
Kontiolahti;62.76666667;29.85;1;84;Rajavartiolaitos, 87
Kotka;60.46730556;26.94583333;14;386;Käräjäoikeudet, 28<br/>Liikenteen turvallisuusvirasto, 3<br/>Maistraatit, 8<br/>Museovirasto, 10<br/>Oikeusapu- ja edunvalvontapiirit, 16<br/>Paikallispoliisi, 120<br/>Puolustusvoimat, 2<br/>Rajavartiolaitos, 23<br/>Syyttäjänvirastot, 7<br/>Tulli, 75<br/>Työ- ja elinkeinotoimistot, 36<br/>Ulosottovirastot, 14<br/>Valtion tieto- ja viestintätekniikkakeskus Valtori, 2<br/>Verohallinto, 35
Kouvola;60.86805556;26.70416667;35;1931;ELY-keskusten ja TE-toimistojen kehittämis- ja hallintokeskus, 27<br/>Etelä-Pohjanmaan elinkeino-, liikenne- ja ympäristökeskus, 1<br/>Etelä-Savon elinkeino-, liikenne- ja ympäristökeskus, 2<br/>Etelä-Suomen aluehallintovirasto, 44<br/>Hovioikeudet, 16<br/>Hämeen elinkeino-, liikenne- ja ympäristökeskus, 8<br/>Ilmatieteen laitos, 1<br/>Kaakkois-Suomen elinkeino-, liikenne- ja ympäristökeskus , 116<br/>Keskusrikospoliisi, 9<br/>Käräjäoikeudet, 36<br/>Liikennevirasto, 9<br/>Maanmittauslaitos, 34<br/>Maistraatit, 13<br/>Oikeusapu- ja edunvalvontapiirit, 21<br/>Paikallispoliisi, 179<br/>Pirkanmaan elinkeino-, liikenne- ja ympäristökeskus, 1<br/>Pohjois-Karjalan elinkeino-, liikenne- ja ympäristökeskus, 1<br/>Poliisihallitus, 30<br/>Puolustushallinnon rakennuslaitos, 45<br/>Puolustusvoimat, 968<br/>Rajavartiolaitos, 1<br/>Rikosseuraamuslaitos, 10<br/>Syyttäjänvirastot, 9<br/>Taiteen edistämiskeskus, 7<br/>Terveyden ja hyvinvoinnin laitos, 2<br/>Tulli, 6<br/>Työ- ja elinkeinotoimistot, 61<br/>Ulkoasiainministeriö, 1<br/>Ulosottovirastot, 23<br/>Uudenmaan elinkeino-, liikenne- ja ympäristökeskus, 3<br/>Valtiokonttori, 13<br/>Valtion koulukodit, 56<br/>Valtion tieto- ja viestintätekniikkakeskus Valtori, 15<br/>Varsinais-Suomen elinkeino-, liikenne- ja ympäristökeskus, 4<br/>Verohallinto, 131
Kristiinankaupunki;62.27361111;21.37777778;3;26;Etelä-Savon elinkeino-, liikenne- ja ympäristökeskus, 8<br/>Paikallispoliisi, 18<br/>Ulosottovirastot, 1
Kuhmo;64.12777778;29.51805556;9;159;Maahanmuuttovirasto, 22<br/>Oikeusapu- ja edunvalvontapiirit, 6<br/>Paikallispoliisi, 11<br/>Rajavartiolaitos, 84<br/>Suomen ympäristökeskus, 4<br/>Tulli, 19<br/>Työ- ja elinkeinotoimistot, 9<br/>Ulosottovirastot, 1<br/>Verohallinto, 5
Kuopio;62.8925;27.67833333;44;2627;ELY-keskusten ja TE-toimistojen kehittämis- ja hallintokeskus, 32<br/>Elintarviketurvallisuusvirasto, 23<br/>Etelä-Pohjanmaan elinkeino-, liikenne- ja ympäristökeskus, 1<br/>Etelä-Savon elinkeino-, liikenne- ja ympäristökeskus, 9<br/>Etelä-Suomen aluehallintovirasto, 9<br/>Geologian tutkimuskeskus, 98<br/>Hallinto-oikeudet, 53<br/>Hovioikeudet, 58<br/>Hätäkeskuslaitos, 90<br/>Ilmatieteen laitos, 26<br/>Itä-Suomen aluehallintovirasto, 62<br/>Keski-Suomen elinkeino-, liikenne- ja ympäristökeskus, 10<br/>Keskusrikospoliisi, 1<br/>Käräjäoikeudet, 50<br/>Liikennevirasto, 1<br/>Luonnonvarakeskus, 35<br/>Lääkealan turvallisuus- ja kehittämiskeskus , 51<br/>Maanmittauslaitos, 41<br/>Maistraatit, 24<br/>Oikeusapu- ja edunvalvontapiirit, 37<br/>Paikallispoliisi, 263<br/>Pelastushallinto, 122<br/>Pirkanmaan elinkeino-, liikenne- ja ympäristökeskus, 5<br/>Pohjois-Savon elinkeino-, liikenne- ja ympäristökeskus, 116<br/>Puolustushallinnon rakennuslaitos, 22<br/>Puolustusvoimat, 83<br/>Rikosseuraamuslaitos, 120<br/>Suojelupoliisi, 1<br/>Syyttäjänvirastot, 15<br/>Taiteen edistämiskeskus, 7<br/>Terveyden ja hyvinvoinnin laitos, 82<br/>Tulli, 5<br/>Työ- ja elinkeinotoimistot, 71<br/>Ulosottovirastot, 33<br/>Uudenmaan elinkeino-, liikenne- ja ympäristökeskus, 2<br/>Valtiokonttori, 1<br/>Valtion mielisairaalat, 561<br/>Valtion tieto- ja viestintätekniikkakeskus Valtori, 33<br/>Vankiterveydenhuollon yksikkö, 5<br/>Varastokirjasto, 20<br/>Verohallinto, 257<br/>Yleissivistävät koulut, 67
Kustavi;60.54583333;21.35833333;1;6;Rajavartiolaitos, 8
Kuusamo;65.96666667;29.18333333;15;185;Etelä-Savon elinkeino-, liikenne- ja ympäristökeskus, 19<br/>Käräjäoikeudet, 6<br/>Lapin elinkeino-, liikenne- ja ympäristökeskus, 1<br/>Luonnonvarakeskus, 2<br/>Maanmittauslaitos, 19<br/>Oikeusapu- ja edunvalvontapiirit, 6<br/>Paikallispoliisi, 37<br/>Rajavartiolaitos, 58<br/>Rikosseuraamuslaitos, 1<br/>Syyttäjänvirastot, 1<br/>Tulli, 8<br/>Työ- ja elinkeinotoimistot, 6<br/>Ulosottovirastot, 6<br/>Valtion tieto- ja viestintätekniikkakeskus Valtori, 1<br/>Verohallinto, 12
Kökar;59.92083333;20.90972222;1;8;Rajavartiolaitos, 7
Lahti;60.98333333;25.65555556;21;938;Asumisen rahoit. ja kehitt.keskus, 55<br/>ELY-keskusten ja TE-toimistojen kehittämis- ja hallintokeskus, 22<br/>Etelä-Savon elinkeino-, liikenne- ja ympäristökeskus, 2<br/>Etelä-Suomen aluehallintovirasto, 15<br/>Hämeen elinkeino-, liikenne- ja ympäristökeskus, 56<br/>Itä-Suomen aluehallintovirasto, 1<br/>Käräjäoikeudet, 73<br/>Maanmittauslaitos, 33<br/>Maistraatit, 24<br/>Oikeusapu- ja edunvalvontapiirit, 32<br/>Paikallispoliisi, 285<br/>Pirkanmaan elinkeino-, liikenne- ja ympäristökeskus, 5<br/>Puolustushallinnon rakennuslaitos, 3<br/>Puolustusvoimat, 13<br/>Rikosseuraamuslaitos, 12<br/>Syyttäjänvirastot, 18<br/>Tulli, 11<br/>Työ- ja elinkeinotoimistot, 117<br/>Ulosottovirastot, 45<br/>Valtion tieto- ja viestintätekniikkakeskus Valtori, 9<br/>Verohallinto, 98
Laihia;62.97638889;22.01111111;1;10;Paikallispoliisi, 10
Lapinjärvi;60.62361111;26.19722222;4;28;ELY-keskusten ja TE-toimistojen kehittämis- ja hallintokeskus, 18<br/>Luonnonvarakeskus, 2<br/>Maanmittauslaitos, 7<br/>Maaseutuvirasto, 1
Lappeenranta;61.06666667;28.18333333;27;1477;ELY-keskusten ja TE-toimistojen kehittämis- ja hallintokeskus, 5<br/>Elintarviketurvallisuusvirasto, 9<br/>Etelä-Suomen aluehallintovirasto, 17<br/>Kaakkois-Suomen elinkeino-, liikenne- ja ympäristökeskus , 10<br/>Käräjäoikeudet, 32<br/>Liikenne- ja viestintäministeriö, 3<br/>Liikennevirasto, 85<br/>Liikenteen turvallisuusvirasto, 15<br/>Maahanmuuttovirasto, 81<br/>Maanmittauslaitos, 22<br/>Maistraatit, 19<br/>Oikeusapu- ja edunvalvontapiirit, 21<br/>Paikallispoliisi, 106<br/>Pakolaist ja turvapaik hak vastaano, 63<br/>Pirkanmaan elinkeino-, liikenne- ja ympäristökeskus, 6<br/>Puolustushallinnon rakennuslaitos, 12<br/>Puolustusvoimat, 283<br/>Rajavartiolaitos, 269<br/>Rikosseuraamuslaitos, 4<br/>Suojelupoliisi, 7<br/>Syyttäjänvirastot, 8<br/>Tulli, 239<br/>Työ- ja elinkeinotoimistot, 49<br/>Ulosottovirastot, 28<br/>Valtiokonttori, 4<br/>Valtion tieto- ja viestintätekniikkakeskus Valtori, 24<br/>Verohallinto, 67
Lapua;62.97083333;23.00694444;2;39;Oikeusapu- ja edunvalvontapiirit, 6<br/>Paikallispoliisi, 33
Laukaa;62.41388889;25.95416667;4;67;Luonnonvarakeskus, 32<br/>Rikosseuraamuslaitos, 30<br/>Työ- ja elinkeinotoimistot, 1<br/>Vankiterveydenhuollon yksikkö, 1
Lempäälä;61.31388889;23.75277778;3;4;Käräjäoikeudet, 1<br/>Paikallispoliisi, 1<br/>Työ- ja elinkeinotoimistot, 2
Lieksa;63.31805556;30.025;7;75;ELY-keskusten ja TE-toimistojen kehittämis- ja hallintokeskus, 1<br/>Etelä-Savon elinkeino-, liikenne- ja ympäristökeskus, 2<br/>Oikeusapu- ja edunvalvontapiirit, 5<br/>Paikallispoliisi, 17<br/>Rajavartiolaitos, 32<br/>Työ- ja elinkeinotoimistot, 9<br/>Verohallinto, 10
Lieto;60.50416667;22.45833333;3;4;Elintarviketurvallisuusvirasto, 1<br/>Puolustusvoimat, 2<br/>Työ- ja elinkeinotoimistot, 1
Liminka;64.80972222;25.41527778;2;84;Paikallispoliisi, 17<br/>Valtion koulukodit, 71
Liperi;62.53194444;29.38472222;2;9;Paikallispoliisi, 2<br/>Puolustusvoimat, 7
Lohja;60.25;24.06666667;10;263;Ammatilliset koulut, 18<br/>ELY-keskusten ja TE-toimistojen kehittämis- ja hallintokeskus, 1<br/>Käräjäoikeudet, 24<br/>Maanmittauslaitos, 37<br/>Oikeusapu- ja edunvalvontapiirit, 13<br/>Paikallispoliisi, 96<br/>Syyttäjänvirastot, 7<br/>Työ- ja elinkeinotoimistot, 30<br/>Ulosottovirastot, 15<br/>Verohallinto, 29
Loimaa;60.85138889;23.05833333;8;131;Elintarviketurvallisuusvirasto, 46<br/>Käräjäoikeudet, 1<br/>Oikeusapu- ja edunvalvontapiirit, 5<br/>Paikallispoliisi, 29<br/>Työ- ja elinkeinotoimistot, 12<br/>Ulosottovirastot, 7<br/>Varsinais-Suomen elinkeino-, liikenne- ja ympäristökeskus, 1<br/>Verohallinto, 25
Loppi;60.71805556;24.44166667;2;27;Geologian tutkimuskeskus, 2<br/>Luonnonvarakeskus, 25
Loviisa;60.45694444;26.225;3;20;Paikallispoliisi, 16<br/>Säteilyturvakeskus, 1<br/>Työ- ja elinkeinotoimistot, 3
Maarianhamina;60.09861111;19.94444444;11;138;Käräjäoikeudet, 13<br/>Liikenteen turvallisuusvirasto, 2<br/>Lounais-Suomen aluehallintovirasto, 1<br/>Maanmittauslaitos, 14<br/>Oikeusapu- ja edunvalvontapiirit, 5<br/>Rajavartiolaitos, 26<br/>Statens ämbetsverk på Åland, 15<br/>Syyttäjänvirastot, 4<br/>Tulli, 30<br/>Ulosottovirastot, 8<br/>Verohallinto, 21
Mikkeli;61.6875;27.27361111;33;1423;ELY-keskusten ja TE-toimistojen kehittämis- ja hallintokeskus, 20<br/>Etelä-Savon elinkeino-, liikenne- ja ympäristökeskus, 128<br/>Etelä-Suomen aluehallintovirasto, 11<br/>Itä-Suomen aluehallintovirasto, 48<br/>Kansallisarkisto, 1<br/>Keski-Suomen elinkeino-, liikenne- ja ympäristökeskus, 3<br/>Keskusrikospoliisi, 2<br/>Käräjäoikeudet, 37<br/>Lapin elinkeino-, liikenne- ja ympäristökeskus, 1<br/>Luonnonvarakeskus, 18<br/>Maakunta-arkistot, 18<br/>Maanmittauslaitos, 48<br/>Maistraatit, 11<br/>Oikeusapu- ja edunvalvontapiirit, 20<br/>Paikallispoliisi, 136<br/>Pirkanmaan elinkeino-, liikenne- ja ympäristökeskus, 7<br/>Pohjois-Karjalan elinkeino-, liikenne- ja ympäristökeskus, 1<br/>Pohjois-Savon elinkeino-, liikenne- ja ympäristökeskus, 6<br/>Poliisihallitus, 6<br/>Puolustushallinnon rakennuslaitos, 16<br/>Puolustusvoimat, 408<br/>Rikosseuraamuslaitos, 86<br/>Syyttäjänvirastot, 12<br/>Terveyden ja hyvinvoinnin laitos, 1<br/>Työ- ja elinkeinotoimistot, 37<br/>Ulosottovirastot, 17<br/>Valtiokonttori, 2<br/>Valtion koulukodit, 79<br/>Valtion talous- ja henkilöstöhallinnon palvelukeskus, 80<br/>Valtion tieto- ja viestintätekniikkakeskus Valtori, 15<br/>Vankiterveydenhuollon yksikkö, 3<br/>Verohallinto, 67<br/>Yleissivistävät koulut, 56
Muhos;64.80694444;25.99444444;1;13;Paikallispoliisi, 13
Muonio;67.95694444;23.67916667;8;33;ELY-keskusten ja TE-toimistojen kehittämis- ja hallintokeskus, 1<br/>Oikeusapu- ja edunvalvontapiirit, 1<br/>Paikallispoliisi, 5<br/>Rajavartiolaitos, 13<br/>Tulli, 6<br/>Työ- ja elinkeinotoimistot, 2<br/>Ulosottovirastot, 2<br/>Verohallinto, 2
Mustasaari;63.1125;21.67777778;1;20;Rajavartiolaitos, 20
Mäntsälä;60.63611111;25.31944444;1;1;Paikallispoliisi, 1
Mänttä-Vilppula;62.03333333;24.61666667;9;68;Käräjäoikeudet, 1<br/>Maistraatit, 6<br/>Oikeusapu- ja edunvalvontapiirit, 4<br/>Paikallispoliisi, 5<br/>Rikosseuraamuslaitos, 30<br/>Työ- ja elinkeinotoimistot, 2<br/>Ulosottovirastot, 3<br/>Vankiterveydenhuollon yksikkö, 1<br/>Verohallinto, 15
Mäntyharju;61.41805556;26.87916667;1;1;Paikallispoliisi, 1
Naantali;60.46805556;22.02638889;1;5;Tasavallan presidentin kanslia, 5
Nokia;61.47777778;23.50972222;4;82;Käräjäoikeudet, 2<br/>Paikallispoliisi, 54<br/>Työ- ja elinkeinotoimistot, 11<br/>Ulosottovirastot, 12
Nousiainen;60.59861111;22.08333333;1;4;Hallinto-oikeudet, 4
Nurmes;63.54444444;29.13333333;7;51;ELY-keskusten ja TE-toimistojen kehittämis- ja hallintokeskus, 2<br/>Maanmittauslaitos, 5<br/>Oikeusapu- ja edunvalvontapiirit, 4<br/>Paikallispoliisi, 19<br/>Työ- ja elinkeinotoimistot, 8<br/>Ulosottovirastot, 4<br/>Verohallinto, 10
Nurmijärvi;60.4625;24.80694444;1;4;Paikallispoliisi, 4
Närpiö;62.47361111;21.3375;3;19;Maanmittauslaitos, 8<br/>Työ- ja elinkeinotoimistot, 3<br/>Verohallinto, 9
Orimattila;60.80416667;25.73333333;4;15;Elintarviketurvallisuusvirasto, 2<br/>Museovirasto, 4<br/>Paikallispoliisi, 3<br/>Puolustusvoimat, 7
Orivesi;61.67777778;24.35694444;3;21;Käräjäoikeudet, 1<br/>Paikallispoliisi, 19<br/>Työ- ja elinkeinotoimistot, 1
Oulainen;64.26666667;24.81666667;1;1;Lapin elinkeino-, liikenne- ja ympäristökeskus, 1
Oulu;65.01666667;25.46666667;43;2328;ELY-keskusten ja TE-toimistojen kehittämis- ja hallintokeskus, 38<br/>Elintarviketurvallisuusvirasto, 20<br/>Etelä-Savon elinkeino-, liikenne- ja ympäristökeskus, 1<br/>Etelä-Suomen aluehallintovirasto, 17<br/>Hallinto-oikeudet, 43<br/>Hätäkeskuslaitos, 82<br/>Kansallisarkisto, 1<br/>Keskusrikospoliisi, 24<br/>Käräjäoikeudet, 86<br/>Lapin elinkeino-, liikenne- ja ympäristökeskus, 8<br/>Liikennevirasto, 12<br/>Liikenteen turvallisuusvirasto, 3<br/>Luonnonvarakeskus, 59<br/>Maahanmuuttovirasto, 77<br/>Maakunta-arkistot, 18<br/>Maanmittauslaitos, 84<br/>Maistraatit, 32<br/>Oikeusapu- ja edunvalvontapiirit, 51<br/>Paikallispoliisi, 373<br/>Pakolaist ja turvapaik hak vastaano, 54<br/>Pirkanmaan elinkeino-, liikenne- ja ympäristökeskus, 13<br/>Pohjois-Karjalan elinkeino-, liikenne- ja ympäristökeskus, 1<br/>Pohjois-Pohjanmaan elinkeino-, liikenne- ja ympäristökeskus, 177<br/>Pohjois-Suomen aluehallintovirasto, 119<br/>Poliisihallitus, 1<br/>Puolustushallinnon rakennuslaitos, 3<br/>Puolustusvoimat, 19<br/>Rajavartiolaitos, 16<br/>Rikosseuraamuslaitos, 98<br/>Suojelupoliisi, 8<br/>Suomen ympäristökeskus, 30<br/>Syyttäjänvirastot, 24<br/>Taiteen edistämiskeskus, 5<br/>Terveyden ja hyvinvoinnin laitos, 23<br/>Tulli, 31<br/>Työ- ja elinkeinotoimistot, 133<br/>Ulosottovirastot, 48<br/>Uudenmaan elinkeino-, liikenne- ja ympäristökeskus, 4<br/>Valtion tieto- ja viestintätekniikkakeskus Valtori, 30<br/>Valtiontalouden tarkastusvirasto, 7<br/>Vankiterveydenhuollon yksikkö, 4<br/>Verohallinto, 338<br/>Yleissivistävät koulut, 118
Outokumpu;62.725;29.01805556;4;44;Elintarviketurvallisuusvirasto, 6<br/>Geologian tutkimuskeskus, 35<br/>Paikallispoliisi, 3<br/>Valtion tieto- ja viestintätekniikkakeskus Valtori, 1
Paimio;60.45694444;22.68611111;2;7;Elintarviketurvallisuusvirasto, 4<br/>Varsinais-Suomen elinkeino-, liikenne- ja ympäristökeskus, 1
Paltamo;64.40694444;27.8375;2;9;Luonnonvarakeskus, 8<br/>Oikeusapu- ja edunvalvontapiirit, 1
Parainen;60.3;22.3;8;111;Käräjäoikeudet, 2<br/>Maistraatit, 3<br/>Paikallispoliisi, 16<br/>Puolustushallinnon rakennuslaitos, 2<br/>Puolustusvoimat, 60<br/>Rajavartiolaitos, 21<br/>Työ- ja elinkeinotoimistot, 6<br/>Ulosottovirastot, 4
Parikkala;61.55555556;29.50138889;3;42;Rajavartiolaitos, 37<br/>Tulli, 2<br/>Työ- ja elinkeinotoimistot, 2
Parkano;62.00972222;23.025;5;48;Etelä-Savon elinkeino-, liikenne- ja ympäristökeskus, 1<br/>Luonnonvarakeskus, 22<br/>Puolustusvoimat, 22<br/>Työ- ja elinkeinotoimistot, 3<br/>Valtion tieto- ja viestintätekniikkakeskus Valtori, 1
Pedersören kunta;63.6;22.79444444;1;23;Valtion koulukodit, 25
Pello;66.775;23.96527778;3;10;Oikeusapu- ja edunvalvontapiirit, 2<br/>Paikallispoliisi, 4<br/>Verohallinto, 5
Pieksämäki;62.3;27.15833333;9;105;Käräjäoikeudet, 1<br/>Liikennevirasto, 1<br/>Oikeusapu- ja edunvalvontapiirit, 4<br/>Paikallispoliisi, 25<br/>Poliisiammattikorkeakoulu, 2<br/>Rikosseuraamuslaitos, 47<br/>Työ- ja elinkeinotoimistot, 14<br/>Ulosottovirastot, 8<br/>Vankiterveydenhuollon yksikkö, 2
Pielavesi;63.23194444;26.75555556;2;26;Puolustushallinnon rakennuslaitos, 1<br/>Puolustusvoimat, 23
Pietarsaari;63.675;22.70416667;8;122;Elintarviketurvallisuusvirasto, 13<br/>Maistraatit, 8<br/>Oikeusapu- ja edunvalvontapiirit, 11<br/>Paikallispoliisi, 47<br/>Työ- ja elinkeinotoimistot, 20<br/>Ulosottovirastot, 4<br/>Varsinais-Suomen elinkeino-, liikenne- ja ympäristökeskus, 1<br/>Verohallinto, 18
Pirkkala;61.46527778;23.64305556;2;328;Ilmatieteen laitos, 2<br/>Puolustusvoimat, 324
Pori;61.48472222;21.79722222;26;880;ELY-keskusten ja TE-toimistojen kehittämis- ja hallintokeskus, 9<br/>Hätäkeskuslaitos, 102<br/>Keski-Suomen elinkeino-, liikenne- ja ympäristökeskus, 2<br/>Käräjäoikeudet, 62<br/>Lounais-Suomen aluehallintovirasto, 21<br/>Maanmittauslaitos, 36<br/>Maaseutuvirasto, 2<br/>Maistraatit, 24<br/>Oikeusapu- ja edunvalvontapiirit, 26<br/>Paikallispoliisi, 205<br/>Pirkanmaan elinkeino-, liikenne- ja ympäristökeskus, 5<br/>Pohjois-Karjalan elinkeino-, liikenne- ja ympäristökeskus, 1<br/>Rajavartiolaitos, 15<br/>Rikosseuraamuslaitos, 10<br/>Satakunnan elinkeino-, liikenne- ja ympäristökeskus, 43<br/>Sosiaali- ja terveysministeriö, 1<br/>Syyttäjänvirastot, 17<br/>Taiteen edistämiskeskus, 4<br/>Tulli, 18<br/>Työ- ja elinkeinotoimistot, 68<br/>Ulosottovirastot, 33<br/>Uudenmaan elinkeino-, liikenne- ja ympäristökeskus, 1<br/>Valtion talous- ja henkilöstöhallinnon palvelukeskus, 56<br/>Valtion tieto- ja viestintätekniikkakeskus Valtori, 13<br/>Varsinais-Suomen elinkeino-, liikenne- ja ympäristökeskus, 10<br/>Verohallinto, 84
Porvoo;60.39305556;25.66388889;12;297;Etelä-Suomen aluehallintovirasto, 1<br/>Käräjäoikeudet, 26<br/>Maanmittauslaitos, 39<br/>Maistraatit, 11<br/>Oikeusapu- ja edunvalvontapiirit, 12<br/>Paikallispoliisi, 87<br/>Puolustusvoimat, 6<br/>Rajavartiolaitos, 11<br/>Syyttäjänvirastot, 6<br/>Työ- ja elinkeinotoimistot, 26<br/>Ulosottovirastot, 18<br/>Verohallinto, 50
Posio;66.11111111;28.16666667;2;8;Paikallispoliisi, 6<br/>Työ- ja elinkeinotoimistot, 2
Pudasjärvi;65.35972222;26.99722222;6;42;Maistraatit, 1<br/>Paikallispoliisi, 17<br/>Pakolaist ja turvapaik hak vastaano, 16<br/>Työ- ja elinkeinotoimistot, 6<br/>Ulosottovirastot, 1<br/>Verohallinto, 2
Raahe;64.68472222;24.47916667;10;130;ELY-keskusten ja TE-toimistojen kehittämis- ja hallintokeskus, 2<br/>Käräjäoikeudet, 14<br/>Maistraatit, 8<br/>Oikeusapu- ja edunvalvontapiirit, 5<br/>Paikallispoliisi, 53<br/>Syyttäjänvirastot, 2<br/>Työ- ja elinkeinotoimistot, 18<br/>Ulosottovirastot, 13<br/>Valtion tieto- ja viestintätekniikkakeskus Valtori, 1<br/>Verohallinto, 12
Raasepori;59.975;23.43611111;12;373;Käräjäoikeudet, 24<br/>Maistraatit, 8<br/>Oikeusapu- ja edunvalvontapiirit, 8<br/>Paikallispoliisi, 60<br/>Puolustushallinnon rakennuslaitos, 11<br/>Puolustusvoimat, 212<br/>Rajavartiolaitos, 6<br/>Syyttäjänvirastot, 1<br/>Työ- ja elinkeinotoimistot, 12<br/>Ulosottovirastot, 11<br/>Valtion tieto- ja viestintätekniikkakeskus Valtori, 1<br/>Verohallinto, 11
Raisio;60.48611111;22.16944444;5;164;Maahanmuuttovirasto, 65<br/>Paikallispoliisi, 63<br/>Poliisihallitus, 5<br/>Työ- ja elinkeinotoimistot, 20<br/>Valtion tieto- ja viestintätekniikkakeskus Valtori, 13
Ranua;65.92916667;26.51666667;2;7;Paikallispoliisi, 6<br/>Työ- ja elinkeinotoimistot, 1
Rauma;61.12916667;21.50555556;9;176;Käräjäoikeudet, 3<br/>Maistraatit, 8<br/>Oikeusapu- ja edunvalvontapiirit, 13<br/>Paikallispoliisi, 70<br/>Rajavartiolaitos, 9<br/>Tulli, 7<br/>Työ- ja elinkeinotoimistot, 24<br/>Ulosottovirastot, 8<br/>Verohallinto, 39
Riihimäki;60.73888889;24.77222222;9;613;ELY-keskusten ja TE-toimistojen kehittämis- ja hallintokeskus, 1<br/>Paikallispoliisi, 28<br/>Poliisihallitus, 43<br/>Puolustushallinnon rakennuslaitos, 15<br/>Puolustusvoimat, 348<br/>Rikosseuraamuslaitos, 145<br/>Työ- ja elinkeinotoimistot, 23<br/>Ulosottovirastot, 10<br/>Vankiterveydenhuollon yksikkö, 5
Rovaniemi;66.50138889;25.73472222;39;2002;ELY-keskusten ja TE-toimistojen kehittämis- ja hallintokeskus, 20<br/>Etelä-Savon elinkeino-, liikenne- ja ympäristökeskus, 1<br/>Etelä-Suomen aluehallintovirasto, 10<br/>Geologian tutkimuskeskus, 59<br/>Hovioikeudet, 51<br/>Ilmatieteen laitos, 14<br/>Kainuun elinkeino-, liikenne- ja ympäristökeskus, 1<br/>Keskusrikospoliisi, 10<br/>Käräjäoikeudet, 34<br/>Lapin aluehallintovirasto, 36<br/>Lapin elinkeino-, liikenne- ja ympäristökeskus, 159<br/>Liikennevirasto, 1<br/>Liikenteen turvallisuusvirasto, 93<br/>Luonnonvarakeskus, 46<br/>Maahanmuuttovirasto, 27<br/>Maanmittauslaitos, 64<br/>Maistraatit, 14<br/>Oikeusapu- ja edunvalvontapiirit, 17<br/>Paikallispoliisi, 171<br/>Pirkanmaan elinkeino-, liikenne- ja ympäristökeskus, 7<br/>Pohjois-Pohjanmaan elinkeino-, liikenne- ja ympäristökeskus, 14<br/>Pohjois-Suomen aluehallintovirasto, 5<br/>Poliisihallitus, 82<br/>Puolustushallinnon rakennuslaitos, 28<br/>Puolustusvoimat, 578<br/>Rajavartiolaitos, 73<br/>Rikosseuraamuslaitos, 4<br/>Sosiaali- ja terveysalan lupa- ja valvontavirasto, 19<br/>Suojelupoliisi, 4<br/>Suomen ympäristökeskus, 1<br/>Syyttäjänvirastot, 11<br/>Säteilyturvakeskus, 2<br/>Taiteen edistämiskeskus, 7<br/>Turvallisuus- ja kemikaalivirasto, 11<br/>Työ- ja elinkeinotoimistot, 43<br/>Ulosottovirastot, 23<br/>Uudenmaan elinkeino-, liikenne- ja ympäristökeskus, 3<br/>Valtion tieto- ja viestintätekniikkakeskus Valtori, 162<br/>Verohallinto, 85
Saarijärvi;62.70555556;25.25694444;3;54;Maanmittauslaitos, 15<br/>Maistraatit, 1<br/>Paikallispoliisi, 37
Salla;66.83333333;28.66666667;5;85;ELY-keskusten ja TE-toimistojen kehittämis- ja hallintokeskus, 1<br/>Paikallispoliisi, 4<br/>Rajavartiolaitos, 70<br/>Tulli, 10<br/>Työ- ja elinkeinotoimistot, 2
Salo;60.38611111;23.125;9;169;Käräjäoikeudet, 3<br/>Lounais-Suomen aluehallintovirasto, 1<br/>Maanmittauslaitos, 14<br/>Maistraatit, 9<br/>Oikeusapu- ja edunvalvontapiirit, 6<br/>Paikallispoliisi, 65<br/>Työ- ja elinkeinotoimistot, 33<br/>Ulosottovirastot, 11<br/>Verohallinto, 28
Sastamala;61.34166667;22.90833333;4;42;Elintarviketurvallisuusvirasto, 4<br/>Oikeusapu- ja edunvalvontapiirit, 2<br/>Paikallispoliisi, 29<br/>Työ- ja elinkeinotoimistot, 7
Savitaipale;61.19722222;27.68333333;1;8;Puolustusvoimat, 8
Savonlinna;61.86805556;28.88611111;17;199;ELY-keskusten ja TE-toimistojen kehittämis- ja hallintokeskus, 1<br/>Etelä-Savon elinkeino-, liikenne- ja ympäristökeskus, 1<br/>Itä-Suomen aluehallintovirasto, 1<br/>Käräjäoikeudet, 12<br/>Liikenteen turvallisuusvirasto, 3<br/>Luonnonvarakeskus, 20<br/>Maanmittauslaitos, 12<br/>Maistraatit, 7<br/>Museovirasto, 3<br/>Oikeusapu- ja edunvalvontapiirit, 13<br/>Paikallispoliisi, 62<br/>Rikosseuraamuslaitos, 1<br/>Syyttäjänvirastot, 3<br/>Työ- ja elinkeinotoimistot, 23<br/>Ulosottovirastot, 10<br/>Valtion tieto- ja viestintätekniikkakeskus Valtori, 4<br/>Verohallinto, 21
Savukoski;67.29166667;28.16111111;3;4;Maistraatit, 1<br/>Paikallispoliisi, 1<br/>Työ- ja elinkeinotoimistot, 2
Seinäjoki;62.79027778;22.84027778;22;974;ELY-keskusten ja TE-toimistojen kehittämis- ja hallintokeskus, 17<br/>Elintarviketurvallisuusvirasto, 39<br/>Etelä-Pohjanmaan elinkeino-, liikenne- ja ympäristökeskus, 102<br/>Etelä-Savon elinkeino-, liikenne- ja ympäristökeskus, 1<br/>Keski-Suomen elinkeino-, liikenne- ja ympäristökeskus, 4<br/>Käräjäoikeudet, 54<br/>Luonnonvarakeskus, 11<br/>Länsi- ja Sisä-Suomen aluehallintovirasto, 14<br/>Maanmittauslaitos, 63<br/>Maaseutuvirasto, 184<br/>Maistraatit, 18<br/>Oikeusapu- ja edunvalvontapiirit, 20<br/>Paikallispoliisi, 179<br/>Pirkanmaan elinkeino-, liikenne- ja ympäristökeskus, 6<br/>Rikosseuraamuslaitos, 8<br/>Syyttäjänvirastot, 14<br/>Työ- ja elinkeinotoimistot, 65<br/>Ulosottovirastot, 33<br/>Uudenmaan elinkeino-, liikenne- ja ympäristökeskus, 1<br/>Valtion tieto- ja viestintätekniikkakeskus Valtori, 5<br/>Varsinais-Suomen elinkeino-, liikenne- ja ympäristökeskus, 7<br/>Verohallinto, 120
Siikajoki;64.81388889;24.7625;2;19;Luonnonvarakeskus, 17<br/>Puolustusvoimat, 2
Siikalatva;64.26666667;25.86666667;3;31;Rikosseuraamuslaitos, 29<br/>Vankiterveydenhuollon yksikkö, 1<br/>Verohallinto, 2
Siilinjärvi;63.075;27.65972222;3;411;Puolustushallinnon rakennuslaitos, 3<br/>Puolustusvoimat, 405<br/>Työ- ja elinkeinotoimistot, 7
Sodankylä;67.41666667;26.59305556;10;366;Ilmatieteen laitos, 20<br/>Käräjäoikeudet, 12<br/>Oikeusapu- ja edunvalvontapiirit, 4<br/>Paikallispoliisi, 22<br/>Puolustushallinnon rakennuslaitos, 34<br/>Puolustusvoimat, 262<br/>Syyttäjänvirastot, 2<br/>Työ- ja elinkeinotoimistot, 6<br/>Ulosottovirastot, 2<br/>Verohallinto, 6
Sonkajärvi;63.66944444;27.52222222;3;125;Rikosseuraamuslaitos, 120<br/>Valtion tieto- ja viestintätekniikkakeskus Valtori, 1<br/>Vankiterveydenhuollon yksikkö, 4
Sotkamo;64.13055556;28.38333333;2;19;Luonnonvarakeskus, 12<br/>Paikallispoliisi, 6
Sulkava;61.7875;28.37083333;2;26;Rikosseuraamuslaitos, 25<br/>Vankiterveydenhuollon yksikkö, 1
Suomussalmi;64.88472222;28.9125;6;57;Lapin elinkeino-, liikenne- ja ympäristökeskus, 1<br/>Oikeusapu- ja edunvalvontapiirit, 2<br/>Paikallispoliisi, 15<br/>Rajavartiolaitos, 22<br/>Työ- ja elinkeinotoimistot, 9<br/>Verohallinto, 6
Suonenjoki;62.625;27.12222222;4;45;Käräjäoikeudet, 1<br/>Luonnonvarakeskus, 26<br/>Oikeusapu- ja edunvalvontapiirit, 8<br/>Paikallispoliisi, 11
Säkylä;61.04583333;22.34583333;5;634;Elintarviketurvallisuusvirasto, 1<br/>Puolustushallinnon rakennuslaitos, 27<br/>Puolustusvoimat, 562<br/>Rikosseuraamuslaitos, 49<br/>Vankiterveydenhuollon yksikkö, 1
Taivalkoski;65.57638889;28.24166667;3;27;Luonnonvarakeskus, 17<br/>Paikallispoliisi, 5<br/>Puolustusvoimat, 3
Tammela;60.80833333;23.75972222;1;25;Puolustusvoimat, 26
Tampere;61.49805556;23.76083333;40;3204;ELY-keskusten ja TE-toimistojen kehittämis- ja hallintokeskus, 45<br/>Etelä-Pohjanmaan elinkeino-, liikenne- ja ympäristökeskus, 1<br/>Etelä-Savon elinkeino-, liikenne- ja ympäristökeskus, 1<br/>Etelä-Suomen aluehallintovirasto, 9<br/>Itä-Suomen aluehallintovirasto, 2<br/>Keski-Suomen elinkeino-, liikenne- ja ympäristökeskus, 7<br/>Keskusrikospoliisi, 24<br/>Konkurssiasiamiehen toimisto, 1<br/>Käräjäoikeudet, 139<br/>Liikennevirasto, 43<br/>Luonnonvarakeskus, 1<br/>Länsi- ja Sisä-Suomen aluehallintovirasto, 80<br/>Maanmittauslaitos, 88<br/>Maaseutuvirasto, 3<br/>Maistraatit, 44<br/>Oikeusapu- ja edunvalvontapiirit, 63<br/>Paikallispoliisi, 421<br/>Pirkanmaan elinkeino-, liikenne- ja ympäristökeskus, 196<br/>Pohjois-Karjalan elinkeino-, liikenne- ja ympäristökeskus, 1<br/>Pohjois-Savon elinkeino-, liikenne- ja ympäristökeskus, 1<br/>Pohjois-Suomen aluehallintovirasto, 4<br/>Poliisiammattikorkeakoulu, 195<br/>Poliisihallitus, 3<br/>Puolustushallinnon rakennuslaitos, 59<br/>Puolustusvoimat, 855<br/>Rikosseuraamuslaitos, 45<br/>Sosiaali- ja terveysministeriö, 39<br/>Suojelupoliisi, 6<br/>Suomen ympäristökeskus, 1<br/>Syyttäjänvirastot, 41<br/>Taiteen edistämiskeskus, 4<br/>Terveyden ja hyvinvoinnin laitos, 24<br/>Tulli, 57<br/>Turvallisuus- ja kemikaalivirasto, 75<br/>Työ- ja elinkeinotoimistot, 211<br/>Ulosottovirastot, 58<br/>Uudenmaan elinkeino-, liikenne- ja ympäristökeskus, 5<br/>Valtion tieto- ja viestintätekniikkakeskus Valtori, 32<br/>Valtioneuvoston kanslia, 2<br/>Varsinais-Suomen elinkeino-, liikenne- ja ympäristökeskus, 11<br/>Verohallinto, 310
Tervo;62.95555556;26.75555556;1;10;Luonnonvarakeskus, 10
Tervola;66.08888889;24.81111111;1;19;Puolustusvoimat, 18
Tohmajärvi;62.22638889;30.33194444;2;149;Rajavartiolaitos, 121<br/>Tulli, 27
Toivakka;62.09722222;26.08194444;2;34;Puolustushallinnon rakennuslaitos, 7<br/>Puolustusvoimat, 27
Tornio;65.84861111;24.14722222;7;154;Lapin elinkeino-, liikenne- ja ympäristökeskus, 1<br/>Maanmittauslaitos, 17<br/>Oikeusapu- ja edunvalvontapiirit, 3<br/>Paikallispoliisi, 33<br/>Tulli, 81<br/>Työ- ja elinkeinotoimistot, 18<br/>Valtion tieto- ja viestintätekniikkakeskus Valtori, 3
Turku;60.45138889;22.26666667;48;3854;ELY-keskusten ja TE-toimistojen kehittämis- ja hallintokeskus, 37<br/>Elintarviketurvallisuusvirasto, 8<br/>Etelä-Savon elinkeino-, liikenne- ja ympäristökeskus, 3<br/>Etelä-Suomen aluehallintovirasto, 24<br/>Hallinto-oikeudet, 40<br/>Hovioikeudet, 103<br/>Hätäkeskuslaitos, 76<br/>Itä-Suomen aluehallintovirasto, 1<br/>Kansallisarkisto, 3<br/>Keski-Suomen elinkeino-, liikenne- ja ympäristökeskus, 7<br/>Keskusrikospoliisi, 23<br/>Konkurssiasiamiehen toimisto, 1<br/>Käräjäoikeudet, 148<br/>Liikennevirasto, 63<br/>Liikenteen turvallisuusvirasto, 7<br/>Lounais-Suomen aluehallintovirasto, 102<br/>Luonnonvarakeskus, 37<br/>Länsi- ja Sisä-Suomen aluehallintovirasto, 3<br/>Lääkealan turvallisuus- ja kehittämiskeskus , 6<br/>Maahanmuuttovirasto, 1<br/>Maakunta-arkistot, 20<br/>Maanmittauslaitos, 109<br/>Maaseutuvirasto, 1<br/>Maistraatit, 45<br/>Museovirasto, 3<br/>Oikeusapu- ja edunvalvontapiirit, 66<br/>Paikallispoliisi, 421<br/>Pirkanmaan elinkeino-, liikenne- ja ympäristökeskus, 11<br/>Puolustushallinnon rakennuslaitos, 61<br/>Puolustusvoimat, 802<br/>Rajavartiolaitos, 177<br/>Rikosseuraamuslaitos, 260<br/>Suojelupoliisi, 7<br/>Syyttäjänvirastot, 39<br/>Taiteen edistämiskeskus, 4<br/>Terveyden ja hyvinvoinnin laitos, 18<br/>Tulli, 130<br/>Työ- ja elinkeinotoimistot, 154<br/>Ulosottovirastot, 64<br/>Uudenmaan elinkeino-, liikenne- ja ympäristökeskus, 5<br/>Valtakunnansyyttäjänvirasto, 1<br/>Valtakunnanvoudinvirasto, 18<br/>Valtion tieto- ja viestintätekniikkakeskus Valtori, 26<br/>Valtiontalouden tarkastusvirasto, 3<br/>Vankiterveydenhuollon yksikkö, 63<br/>Varsinais-Suomen elinkeino-, liikenne- ja ympäristökeskus, 212<br/>Verohallinto, 416
Tuusula;60.40277778;25.02916667;4;166;Puolustushallinnon rakennuslaitos, 8<br/>Puolustusvoimat, 70<br/>Rikosseuraamuslaitos, 86<br/>Vankiterveydenhuollon yksikkö, 3
Utsjoki;69.90694444;27.02361111;4;15;Ammatilliset koulut, 1<br/>Luonnonvarakeskus, 4<br/>Paikallispoliisi, 1<br/>Tulli, 9
Uusikaupunki;60.8;21.40972222;5;57;Käräjäoikeudet, 2<br/>Oikeusapu- ja edunvalvontapiirit, 8<br/>Paikallispoliisi, 32<br/>Työ- ja elinkeinotoimistot, 10<br/>Ulosottovirastot, 6
Vaala;64.55972222;26.84027778;4;89;Oikeusapu- ja edunvalvontapiirit, 5<br/>Rikosseuraamuslaitos, 79<br/>Valtion tieto- ja viestintätekniikkakeskus Valtori, 1<br/>Vankiterveydenhuollon yksikkö, 2
Vaasa;63.09583333;21.61527778;36;1693;ELY-keskusten ja TE-toimistojen kehittämis- ja hallintokeskus, 41<br/>Etelä-Pohjanmaan elinkeino-, liikenne- ja ympäristökeskus, 95<br/>Etelä-Suomen aluehallintovirasto, 17<br/>Hallinto-oikeudet, 74<br/>Hovioikeudet, 61<br/>Hätäkeskuslaitos, 73<br/>Keski-Suomen elinkeino-, liikenne- ja ympäristökeskus, 7<br/>Keskusrikospoliisi, 2<br/>Käräjäoikeudet, 52<br/>Liikennevirasto, 12<br/>Liikenteen turvallisuusvirasto, 6<br/>Luonnonvarakeskus, 5<br/>Länsi- ja Sisä-Suomen aluehallintovirasto, 102<br/>Maahanmuuttovirasto, 22<br/>Maakunta-arkistot, 7<br/>Maanmittauslaitos, 76<br/>Maistraatit, 14<br/>Oikeusapu- ja edunvalvontapiirit, 22<br/>Paikallispoliisi, 180<br/>Pirkanmaan elinkeino-, liikenne- ja ympäristökeskus, 4<br/>Pohjanmaan elinkeino-, liikenne- ja ympäristökeskus, 48<br/>Puolustusvoimat, 16<br/>Rajavartiolaitos, 4<br/>Rikosseuraamuslaitos, 64<br/>Suojelupoliisi, 6<br/>Syyttäjänvirastot, 13<br/>Taiteen edistämiskeskus, 5<br/>Tulli, 42<br/>Työ- ja elinkeinotoimistot, 51<br/>Ulosottovirastot, 30<br/>Uudenmaan elinkeino-, liikenne- ja ympäristökeskus, 4<br/>Valtion mielisairaalat, 245<br/>Valtion tieto- ja viestintätekniikkakeskus Valtori, 21<br/>Vankiterveydenhuollon yksikkö, 1<br/>Varsinais-Suomen elinkeino-, liikenne- ja ympäristökeskus, 11<br/>Verohallinto, 254
Valkeakoski;61.26666667;24.03055556;3;60;Paikallispoliisi, 48<br/>Työ- ja elinkeinotoimistot, 4<br/>Ulosottovirastot, 9
Vantaa;60.29444444;25.04027778;20;2754;Ilmatieteen laitos, 8<br/>Keskusrikospoliisi, 568<br/>Kotimaisten kielten keskus, 1<br/>Käräjäoikeudet, 84<br/>Luonnonvarakeskus, 197<br/>Maistraatit, 1<br/>Museovirasto, 19<br/>Oikeusapu- ja edunvalvontapiirit, 29<br/>Paikallispoliisi, 468<br/>Rajavartiolaitos, 254<br/>Rikosseuraamuslaitos, 209<br/>Syyttäjänvirastot, 37<br/>Tulli, 131<br/>Työ- ja elinkeinotoimistot, 88<br/>Ulosottovirastot, 43<br/>Uudenmaan elinkeino-, liikenne- ja ympäristökeskus, 1<br/>Valtion tieto- ja viestintätekniikkakeskus Valtori, 8<br/>Valtioneuvoston kanslia, 1<br/>Vankiterveydenhuollon yksikkö, 19<br/>Verohallinto, 598
Varkaus;62.31388889;27.89305556;9;123;ELY-keskusten ja TE-toimistojen kehittämis- ja hallintokeskus, 1<br/>Itä-Suomen aluehallintovirasto, 2<br/>Käräjäoikeudet, 13<br/>Maistraatit, 3<br/>Oikeusapu- ja edunvalvontapiirit, 9<br/>Paikallispoliisi, 46<br/>Työ- ja elinkeinotoimistot, 17<br/>Ulosottovirastot, 11<br/>Verohallinto, 21
Vihti;60.41666667;24.31944444;2;79;Luonnonvarakeskus, 14<br/>Valtion koulukodit, 67
Viitasaari;63.075;25.85972222;5;34;Oikeusapu- ja edunvalvontapiirit, 4<br/>Paikallispoliisi, 13<br/>Puolustusvoimat, 7<br/>Työ- ja elinkeinotoimistot, 3<br/>Verohallinto, 7
Virolahti;60.58333333;27.70694444;2;310;Rajavartiolaitos, 193<br/>Tulli, 133
Virrat;62.24027778;23.77083333;4;19;ELY-keskusten ja TE-toimistojen kehittämis- ja hallintokeskus, 1<br/>Etelä-Savon elinkeino-, liikenne- ja ympäristökeskus, 1<br/>Paikallispoliisi, 8<br/>Työ- ja elinkeinotoimistot, 9
Ylitornio;66.31944444;23.67083333;4;28;Paikallispoliisi, 4<br/>Rikosseuraamuslaitos, 19<br/>Työ- ja elinkeinotoimistot, 3<br/>Vankiterveydenhuollon yksikkö, 1
Ylivieska;64.07222222;24.5375;14;202;ELY-keskusten ja TE-toimistojen kehittämis- ja hallintokeskus, 1<br/>Käräjäoikeudet, 22<br/>Liikennevirasto, 1<br/>Maanmittauslaitos, 38<br/>Maistraatit, 6<br/>Oikeusapu- ja edunvalvontapiirit, 9<br/>Paikallispoliisi, 47<br/>Pohjois-Pohjanmaan elinkeino-, liikenne- ja ympäristökeskus, 16<br/>Pohjois-Suomen aluehallintovirasto, 3<br/>Syyttäjänvirastot, 6<br/>Työ- ja elinkeinotoimistot, 18<br/>Ulosottovirastot, 6<br/>Valtion tieto- ja viestintätekniikkakeskus Valtori, 2<br/>Verohallinto, 22
Ylöjärvi;61.55;23.58333333;2;109;Puolustusvoimat, 102<br/>Työ- ja elinkeinotoimistot, 7
Ypäjä;60.80416667;23.28194444;1;3;Luonnonvarakeskus, 3
Ähtäri;62.55;24.06944444;1;80;Puolustusvoimat, 81
Äänekoski;62.60416667;25.72638889;4;36;Oikeusapu- ja edunvalvontapiirit, 6<br/>Paikallispoliisi, 7<br/>Työ- ja elinkeinotoimistot, 16<br/>Ulosottovirastot, 6
